<?xml version="1.0" encoding="UTF-8"?>
<project-private xmlns="http://www.netbeans.org/ns/project-private/1">
    <editor-bookmarks xmlns="http://www.netbeans.org/ns/editor-bookmarks/2" lastBookmarkId="0"/>
    <open-files xmlns="http://www.netbeans.org/ns/projectui-open-files/2">
        <group>
            <file>file:/C:/Users/Brandon%20Hernandez/Desktop/PROGRA%20MELY/Pong/src/Clases/Teclado.java</file>
            <file>file:/C:/Users/Brandon%20Hernandez/Desktop/PROGRA%20MELY/Pong/src/Clases/pelota.java</file>
            <file>file:/C:/Users/Brandon%20Hernandez/Desktop/PROGRA%20MELY/Pong/src/ObtenerRecursos/Musica.java</file>
            <file>file:/C:/Users/Brandon%20Hernandez/Desktop/PROGRA%20MELY/Pong/src/Clases/TableroJuego.java</file>
            <file>file:/C:/Users/Brandon%20Hernandez/Desktop/PROGRA%20MELY/Pong/src/control/MotordeGraficos.java</file>
            <file>file:/C:/Users/Brandon%20Hernandez/Desktop/PROGRA%20MELY/Pong/src/Pricipal/Principal.java</file>
            <file>file:/C:/Users/Brandon%20Hernandez/Desktop/PROGRA%20MELY/Pong/src/Clases/Raqueta.java</file>
            <file>file:/C:/Users/Brandon%20Hernandez/Desktop/PROGRA%20MELY/Pong/src/Clases/Ventana.java</file>
        </group>
    </open-files>
</project-private>
